timestamp,command,value
2025-01-01 00:00:15,CMD_ATTITUDE_ADJUST,1
2025-01-01 00:00:26,CMD_GYRO_CALIBRATE,1
2025-01-01 00:04:04,CMD_ATTITUDE_ADJUST,1
2025-01-01 00:04:06,CMD_ORBIT_CORRECTION,1
2025-01-01 00:04:20,CMD_PAYLOAD_ON,1
2025-01-01 00:04:31,CMD_REBOOT_OBC,1
2025-01-01 00:05:06,CMD_REBOOT_OBC,1
2025-01-01 00:05:06,CMD_REBOOT_OBC,0
2025-01-01 00:05:37,CMD_DOWNLINK_START,1
2025-01-01 00:06:35,CMD_PAYLOAD_OFF,1
2025-01-01 00:06:45,CMD_PAYLOAD_ON,1
2025-01-01 00:07:14,CMD_PAYLOAD_ON,1
2025-01-01 00:07:23,CMD_ATTITUDE_ADJUST,1
2025-01-01 00:08:17,CMD_DOWNLINK_STOP,0
2025-01-01 00:08:31,CMD_PAYLOAD_OFF,1
2025-01-01 00:08:47,CMD_REBOOT_OBC,1
2025-01-01 00:10:33,CMD_ATTITUDE_ADJUST,1
2025-01-01 00:12:10,CMD_PAYLOAD_OFF,1
2025-01-01 00:13:44,CMD_REBOOT_OBC,1
2025-01-01 00:16:27,CMD_ORBIT_CORRECTION,1
2025-01-01 00:17:02,CMD_DOWNLINK_STOP,1
2025-01-01 00:17:11,CMD_PAYLOAD_OFF,1
2025-01-01 00:17:47,CMD_PAYLOAD_OFF,1
2025-01-01 00:18:11,CMD_ATTITUDE_ADJUST,1
2025-01-01 00:18:19,CMD_PAYLOAD_OFF,1
2025-01-01 00:18:48,CMD_DOWNLINK_STOP,1
2025-01-01 00:20:25,CMD_BATTERY_CHARGE,1
2025-01-01 00:21:40,CMD_GYRO_CALIBRATE,1
2025-01-01 00:22:40,CMD_REBOOT_OBC,1
2025-01-01 00:24:14,CMD_DOWNLINK_START,1
2025-01-01 00:26:40,CMD_SAFE_MODE,1
2025-01-01 00:26:57,CMD_PAYLOAD_ON,1
2025-01-01 00:27:00,CMD_PAYLOAD_OFF,1
2025-01-01 00:27:00,CMD_ORBIT_CORRECTION,0
2025-01-01 00:28:21,CMD_PAYLOAD_ON,1
2025-01-01 00:28:31,CMD_PAYLOAD_ON,1
2025-01-01 00:29:38,CMD_SAFE_MODE,0
2025-01-01 00:29:59,CMD_ATTITUDE_ADJUST,1
2025-01-01 00:30:32,CMD_ATTITUDE_ADJUST,1
2025-01-01 00:31:25,CMD_PAYLOAD_OFF,1
2025-01-01 00:31:59,CMD_REBOOT_OBC,1
2025-01-01 00:32:04,CMD_SAFE_MODE,1
2025-01-01 00:32:18,CMD_REBOOT_OBC,1
2025-01-01 00:33:36,CMD_ATTITUDE_ADJUST,1
2025-01-01 00:33:45,CMD_ATTITUDE_ADJUST,1
2025-01-01 00:34:18,CMD_GYRO_CALIBRATE,1
2025-01-01 00:34:36,CMD_DOWNLINK_START,1
2025-01-01 00:34:53,CMD_REBOOT_OBC,1
2025-01-01 00:37:08,CMD_DOWNLINK_START,1
2025-01-01 00:37:26,CMD_SAFE_MODE,1
2025-01-01 00:39:49,CMD_ORBIT_CORRECTION,1
2025-01-01 00:39:55,CMD_ATTITUDE_ADJUST,1
2025-01-01 00:41:13,CMD_SAFE_MODE,1
2025-01-01 00:42:23,CMD_BATTERY_CHARGE,1
2025-01-01 00:43:51,CMD_BATTERY_CHARGE,1
2025-01-01 00:44:30,CMD_PAYLOAD_ON,1
2025-01-01 00:44:53,CMD_GYRO_CALIBRATE,1
2025-01-01 00:46:19,CMD_ORBIT_CORRECTION,1
2025-01-01 00:47:17,CMD_ORBIT_CORRECTION,1
2025-01-01 00:48:45,CMD_REBOOT_OBC,1
2025-01-01 00:49:54,CMD_PAYLOAD_OFF,1
2025-01-01 00:51:05,CMD_DOWNLINK_STOP,0
2025-01-01 00:51:38,CMD_REBOOT_OBC,1
2025-01-01 00:53:19,CMD_GYRO_CALIBRATE,1
2025-01-01 00:53:21,CMD_REBOOT_OBC,1
2025-01-01 00:53:32,CMD_REBOOT_OBC,1
2025-01-01 00:53:36,CMD_ATTITUDE_ADJUST,1
2025-01-01 00:54:33,CMD_PAYLOAD_ON,1
2025-01-01 00:54:40,CMD_PAYLOAD_OFF,1
2025-01-01 00:56:32,CMD_PAYLOAD_OFF,1
2025-01-01 00:57:45,CMD_ORBIT_CORRECTION,1
2025-01-01 00:58:35,CMD_SAFE_MODE,1
2025-01-01 00:58:56,CMD_SAFE_MODE,1
2025-01-01 00:59:06,CMD_PAYLOAD_OFF,1
2025-01-01 00:59:37,CMD_GYRO_CALIBRATE,1
2025-01-01 01:00:51,CMD_PAYLOAD_ON,1
2025-01-01 01:01:28,CMD_PAYLOAD_OFF,1
2025-01-01 01:01:31,CMD_PAYLOAD_ON,1
2025-01-01 01:01:52,CMD_PAYLOAD_ON,1
2025-01-01 01:02:50,CMD_PAYLOAD_ON,1
2025-01-01 01:04:49,CMD_DOWNLINK_START,1
2025-01-01 01:05:09,CMD_GYRO_CALIBRATE,1
2025-01-01 01:08:10,CMD_DOWNLINK_START,1
2025-01-01 01:08:31,CMD_ATTITUDE_ADJUST,1
2025-01-01 01:08:32,CMD_PAYLOAD_OFF,1
2025-01-01 01:08:53,CMD_PAYLOAD_OFF,1
2025-01-01 01:09:39,CMD_GYRO_CALIBRATE,1
2025-01-01 01:11:03,CMD_GYRO_CALIBRATE,1
2025-01-01 01:11:10,CMD_DOWNLINK_START,1
2025-01-01 01:13:02,CMD_DOWNLINK_START,1
2025-01-01 01:14:46,CMD_DOWNLINK_STOP,1
2025-01-01 01:15:07,CMD_PAYLOAD_OFF,1
2025-01-01 01:15:11,CMD_SAFE_MODE,1
2025-01-01 01:15:21,CMD_DOWNLINK_STOP,1
2025-01-01 01:15:33,CMD_PAYLOAD_ON,1
2025-01-01 01:18:01,CMD_PAYLOAD_OFF,0
2025-01-01 01:19:44,CMD_REBOOT_OBC,1
2025-01-01 01:20:56,CMD_PAYLOAD_OFF,0
2025-01-01 01:21:16,CMD_DOWNLINK_STOP,1
2025-01-01 01:21:27,CMD_ATTITUDE_ADJUST,1
2025-01-01 01:21:29,CMD_PAYLOAD_OFF,1
2025-01-01 01:21:41,CMD_ATTITUDE_ADJUST,1
2025-01-01 01:22:43,CMD_DOWNLINK_START,1
2025-01-01 01:23:44,CMD_PAYLOAD_ON,1
2025-01-01 01:24:09,CMD_PAYLOAD_OFF,1
2025-01-01 01:24:16,CMD_PAYLOAD_OFF,1
2025-01-01 01:25:04,CMD_ATTITUDE_ADJUST,1
2025-01-01 01:25:42,CMD_PAYLOAD_OFF,1
2025-01-01 01:25:49,CMD_BATTERY_CHARGE,1
2025-01-01 01:27:47,CMD_SAFE_MODE,1
2025-01-01 01:29:59,CMD_DOWNLINK_STOP,1
2025-01-01 01:30:45,CMD_ATTITUDE_ADJUST,1
2025-01-01 01:31:32,CMD_ATTITUDE_ADJUST,1
2025-01-01 01:31:46,CMD_DOWNLINK_STOP,0
2025-01-01 01:32:38,CMD_REBOOT_OBC,1
2025-01-01 01:33:00,CMD_DOWNLINK_START,1
2025-01-01 01:39:29,CMD_DOWNLINK_STOP,1
2025-01-01 01:41:06,CMD_DOWNLINK_START,1
2025-01-01 01:41:46,CMD_REBOOT_OBC,1
2025-01-01 01:41:54,CMD_ORBIT_CORRECTION,1
2025-01-01 01:44:16,CMD_PAYLOAD_OFF,1
2025-01-01 01:45:21,CMD_PAYLOAD_OFF,1
2025-01-01 01:46:25,CMD_SAFE_MODE,1
2025-01-01 01:46:56,CMD_PAYLOAD_OFF,0
2025-01-01 01:47:30,CMD_DOWNLINK_STOP,0
2025-01-01 01:49:13,CMD_GYRO_CALIBRATE,1
2025-01-01 01:49:25,CMD_DOWNLINK_STOP,1
2025-01-01 01:49:26,CMD_PAYLOAD_ON,0
2025-01-01 01:49:29,CMD_PAYLOAD_ON,1
2025-01-01 01:49:44,CMD_DOWNLINK_STOP,1
2025-01-01 01:49:58,CMD_ATTITUDE_ADJUST,1
2025-01-01 01:50:11,CMD_ORBIT_CORRECTION,1
2025-01-01 01:50:41,CMD_DOWNLINK_START,1
2025-01-01 01:50:55,CMD_GYRO_CALIBRATE,0
2025-01-01 01:51:44,CMD_PAYLOAD_OFF,1
2025-01-01 01:52:29,CMD_REBOOT_OBC,1
2025-01-01 01:53:38,CMD_BATTERY_CHARGE,1
2025-01-01 01:53:40,CMD_PAYLOAD_OFF,0
2025-01-01 01:53:40,CMD_ATTITUDE_ADJUST,1
2025-01-01 01:54:22,CMD_PAYLOAD_OFF,1
2025-01-01 01:55:28,CMD_GYRO_CALIBRATE,1
2025-01-01 01:55:53,CMD_BATTERY_CHARGE,1
2025-01-01 01:56:38,CMD_SAFE_MODE,1
2025-01-01 01:57:05,CMD_ORBIT_CORRECTION,1
2025-01-01 01:58:40,CMD_ORBIT_CORRECTION,1
2025-01-01 01:59:36,CMD_PAYLOAD_OFF,1
2025-01-01 01:59:48,CMD_PAYLOAD_ON,1
2025-01-01 02:00:22,CMD_PAYLOAD_OFF,1
2025-01-01 02:00:48,CMD_PAYLOAD_OFF,1
2025-01-01 02:00:53,CMD_REBOOT_OBC,1
2025-01-01 02:00:57,CMD_ATTITUDE_ADJUST,1
2025-01-01 02:01:13,CMD_ORBIT_CORRECTION,1
2025-01-01 02:01:16,CMD_GYRO_CALIBRATE,1
2025-01-01 02:01:22,CMD_ATTITUDE_ADJUST,1
2025-01-01 02:01:32,CMD_BATTERY_CHARGE,1
2025-01-01 02:01:51,CMD_ATTITUDE_ADJUST,1
2025-01-01 02:02:14,CMD_ATTITUDE_ADJUST,1
2025-01-01 02:02:50,CMD_ATTITUDE_ADJUST,1
2025-01-01 02:03:14,CMD_ORBIT_CORRECTION,1
2025-01-01 02:04:00,CMD_ATTITUDE_ADJUST,1
2025-01-01 02:04:23,CMD_PAYLOAD_ON,0
2025-01-01 02:04:53,CMD_ORBIT_CORRECTION,1
2025-01-01 02:05:43,CMD_BATTERY_CHARGE,1
2025-01-01 02:06:12,CMD_SAFE_MODE,1
2025-01-01 02:06:59,CMD_ORBIT_CORRECTION,1
2025-01-01 02:10:10,CMD_PAYLOAD_ON,1
2025-01-01 02:10:16,CMD_SAFE_MODE,1
2025-01-01 02:11:07,CMD_PAYLOAD_OFF,1
2025-01-01 02:11:23,CMD_SAFE_MODE,1
2025-01-01 02:11:36,CMD_PAYLOAD_ON,1
2025-01-01 02:12:45,CMD_REBOOT_OBC,1
2025-01-01 02:13:51,CMD_ATTITUDE_ADJUST,1
2025-01-01 02:15:42,CMD_ATTITUDE_ADJUST,1
2025-01-01 02:16:44,CMD_REBOOT_OBC,1
2025-01-01 02:17:33,CMD_PAYLOAD_ON,1
2025-01-01 02:17:46,CMD_PAYLOAD_OFF,1
2025-01-01 02:17:51,CMD_GYRO_CALIBRATE,1
2025-01-01 02:18:28,CMD_ATTITUDE_ADJUST,1
2025-01-01 02:19:51,CMD_PAYLOAD_ON,0
2025-01-01 02:21:36,CMD_REBOOT_OBC,1
2025-01-01 02:21:52,CMD_BATTERY_CHARGE,1
2025-01-01 02:22:36,CMD_PAYLOAD_ON,1
2025-01-01 02:22:39,CMD_DOWNLINK_START,1
2025-01-01 02:23:41,CMD_PAYLOAD_ON,1
2025-01-01 02:23:51,CMD_ATTITUDE_ADJUST,0
2025-01-01 02:25:00,CMD_BATTERY_CHARGE,1
2025-01-01 02:25:12,CMD_ORBIT_CORRECTION,1
2025-01-01 02:25:53,CMD_DOWNLINK_STOP,1
2025-01-01 02:27:11,CMD_ATTITUDE_ADJUST,1
2025-01-01 02:28:08,CMD_ORBIT_CORRECTION,1
2025-01-01 02:28:58,CMD_PAYLOAD_ON,1
2025-01-01 02:30:34,CMD_REBOOT_OBC,1
2025-01-01 02:31:46,CMD_ATTITUDE_ADJUST,1
2025-01-01 02:32:58,CMD_PAYLOAD_ON,1
2025-01-01 02:33:11,CMD_DOWNLINK_START,1
2025-01-01 02:34:20,CMD_REBOOT_OBC,1
2025-01-01 02:34:40,CMD_PAYLOAD_ON,1
2025-01-01 02:34:46,CMD_BATTERY_CHARGE,1
2025-01-01 02:35:05,CMD_GYRO_CALIBRATE,1
2025-01-01 02:35:21,CMD_BATTERY_CHARGE,1
2025-01-01 02:36:39,CMD_DOWNLINK_STOP,1
2025-01-01 02:37:11,CMD_PAYLOAD_ON,1
2025-01-01 02:37:50,CMD_DOWNLINK_START,1
2025-01-01 02:38:31,CMD_GYRO_CALIBRATE,1
2025-01-01 02:39:12,CMD_ATTITUDE_ADJUST,1
2025-01-01 02:40:43,CMD_REBOOT_OBC,1
2025-01-01 02:41:09,CMD_DOWNLINK_START,1
2025-01-01 02:41:35,CMD_PAYLOAD_ON,1
2025-01-01 02:42:31,CMD_PAYLOAD_ON,1
2025-01-01 02:42:39,CMD_PAYLOAD_OFF,1
2025-01-01 02:42:45,CMD_DOWNLINK_START,1
2025-01-01 02:43:35,CMD_DOWNLINK_START,1
2025-01-01 02:44:20,CMD_PAYLOAD_ON,1
2025-01-01 02:45:01,CMD_PAYLOAD_ON,1
2025-01-01 02:45:53,CMD_DOWNLINK_START,1
2025-01-01 02:46:06,CMD_DOWNLINK_START,1
2025-01-01 02:50:04,CMD_GYRO_CALIBRATE,1
2025-01-01 02:50:16,CMD_ORBIT_CORRECTION,1
2025-01-01 02:50:36,CMD_REBOOT_OBC,1
2025-01-01 02:50:48,CMD_DOWNLINK_START,1
2025-01-01 02:52:15,CMD_PAYLOAD_ON,1
2025-01-01 02:52:37,CMD_DOWNLINK_START,1
2025-01-01 02:52:55,CMD_ATTITUDE_ADJUST,1
2025-01-01 02:54:00,CMD_BATTERY_CHARGE,1
2025-01-01 02:54:58,CMD_ORBIT_CORRECTION,1
2025-01-01 02:55:18,CMD_REBOOT_OBC,0
2025-01-01 02:56:59,CMD_GYRO_CALIBRATE,1
2025-01-01 02:57:42,CMD_PAYLOAD_OFF,1
2025-01-01 02:59:10,CMD_ORBIT_CORRECTION,1
2025-01-01 03:04:10,CMD_DOWNLINK_START,1
2025-01-01 03:04:15,CMD_PAYLOAD_OFF,1
2025-01-01 03:04:54,CMD_PAYLOAD_OFF,1
2025-01-01 03:05:03,CMD_BATTERY_CHARGE,1
2025-01-01 03:07:58,CMD_PAYLOAD_OFF,1
2025-01-01 03:07:59,CMD_PAYLOAD_ON,0
2025-01-01 03:08:00,CMD_DOWNLINK_START,1
2025-01-01 03:09:01,CMD_SAFE_MODE,1
2025-01-01 03:11:20,CMD_PAYLOAD_ON,1
2025-01-01 03:11:21,CMD_PAYLOAD_OFF,1
2025-01-01 03:11:57,CMD_ATTITUDE_ADJUST,1
2025-01-01 03:12:10,CMD_BATTERY_CHARGE,0
2025-01-01 03:12:29,CMD_DOWNLINK_START,1
2025-01-01 03:13:04,CMD_BATTERY_CHARGE,1
2025-01-01 03:13:07,CMD_PAYLOAD_OFF,1
2025-01-01 03:13:08,CMD_DOWNLINK_START,1
2025-01-01 03:14:12,CMD_DOWNLINK_STOP,1
2025-01-01 03:17:57,CMD_SAFE_MODE,1
2025-01-01 03:18:57,CMD_PAYLOAD_OFF,1
2025-01-01 03:19:12,CMD_BATTERY_CHARGE,1
2025-01-01 03:19:37,CMD_REBOOT_OBC,1
2025-01-01 03:21:09,CMD_DOWNLINK_START,1
2025-01-01 03:23:14,CMD_PAYLOAD_ON,1
2025-01-01 03:23:18,CMD_DOWNLINK_STOP,0
2025-01-01 03:24:34,CMD_ATTITUDE_ADJUST,1
2025-01-01 03:27:00,CMD_REBOOT_OBC,1
2025-01-01 03:27:44,CMD_PAYLOAD_ON,1
2025-01-01 03:28:22,CMD_ORBIT_CORRECTION,0
2025-01-01 03:29:42,CMD_PAYLOAD_OFF,1
2025-01-01 03:31:01,CMD_DOWNLINK_STOP,1
2025-01-01 03:31:23,CMD_ATTITUDE_ADJUST,1
2025-01-01 03:31:39,CMD_PAYLOAD_ON,1
2025-01-01 03:33:07,CMD_BATTERY_CHARGE,1
2025-01-01 03:33:23,CMD_ATTITUDE_ADJUST,1
2025-01-01 03:34:17,CMD_DOWNLINK_START,1
2025-01-01 03:35:37,CMD_ORBIT_CORRECTION,1
2025-01-01 03:36:17,CMD_DOWNLINK_STOP,1
2025-01-01 03:37:37,CMD_BATTERY_CHARGE,1
2025-01-01 03:38:13,CMD_DOWNLINK_START,1
2025-01-01 03:38:31,CMD_PAYLOAD_ON,1
2025-01-01 03:38:37,CMD_SAFE_MODE,1
2025-01-01 03:39:02,CMD_ORBIT_CORRECTION,1
2025-01-01 03:39:16,CMD_BATTERY_CHARGE,1
2025-01-01 03:40:00,CMD_DOWNLINK_STOP,1
2025-01-01 03:42:18,CMD_REBOOT_OBC,1
2025-01-01 03:42:27,CMD_DOWNLINK_START,1
2025-01-01 03:43:41,CMD_BATTERY_CHARGE,1
2025-01-01 03:45:00,CMD_PAYLOAD_OFF,1
2025-01-01 03:46:22,CMD_PAYLOAD_ON,1
2025-01-01 03:47:27,CMD_BATTERY_CHARGE,1
2025-01-01 03:47:27,CMD_PAYLOAD_OFF,1
2025-01-01 03:48:10,CMD_PAYLOAD_ON,1
2025-01-01 03:48:23,CMD_ATTITUDE_ADJUST,1
2025-01-01 03:51:21,CMD_PAYLOAD_ON,1
2025-01-01 03:51:30,CMD_BATTERY_CHARGE,1
2025-01-01 03:51:38,CMD_ORBIT_CORRECTION,1
2025-01-01 03:52:45,CMD_GYRO_CALIBRATE,1
2025-01-01 03:52:53,CMD_ORBIT_CORRECTION,1
2025-01-01 03:53:28,CMD_PAYLOAD_OFF,1
2025-01-01 03:57:54,CMD_ATTITUDE_ADJUST,1
2025-01-01 03:58:26,CMD_ORBIT_CORRECTION,1
2025-01-01 03:58:42,CMD_DOWNLINK_START,1
2025-01-01 03:58:49,CMD_BATTERY_CHARGE,1
2025-01-01 03:59:53,CMD_PAYLOAD_ON,1
2025-01-01 04:02:37,CMD_GYRO_CALIBRATE,1
2025-01-01 04:03:59,CMD_DOWNLINK_STOP,1
2025-01-01 04:04:22,CMD_ATTITUDE_ADJUST,1
2025-01-01 04:04:50,CMD_PAYLOAD_OFF,1
2025-01-01 04:05:17,CMD_DOWNLINK_STOP,1
2025-01-01 04:05:58,CMD_DOWNLINK_STOP,0
2025-01-01 04:07:29,CMD_REBOOT_OBC,1
2025-01-01 04:10:51,CMD_DOWNLINK_STOP,1
2025-01-01 04:10:53,CMD_SAFE_MODE,1
2025-01-01 04:12:03,CMD_BATTERY_CHARGE,1
2025-01-01 04:13:14,CMD_DOWNLINK_STOP,1
2025-01-01 04:13:45,CMD_DOWNLINK_STOP,1
2025-01-01 04:15:04,CMD_REBOOT_OBC,1
2025-01-01 04:15:29,CMD_PAYLOAD_ON,1
2025-01-01 04:16:59,CMD_DOWNLINK_START,1
2025-01-01 04:17:22,CMD_PAYLOAD_ON,1
2025-01-01 04:17:33,CMD_ATTITUDE_ADJUST,1
2025-01-01 04:18:16,CMD_ATTITUDE_ADJUST,1
2025-01-01 04:18:30,CMD_ATTITUDE_ADJUST,1
2025-01-01 04:20:08,CMD_ATTITUDE_ADJUST,1
2025-01-01 04:21:15,CMD_ORBIT_CORRECTION,1
2025-01-01 04:22:55,CMD_PAYLOAD_ON,1
2025-01-01 04:23:22,CMD_ATTITUDE_ADJUST,1
2025-01-01 04:23:39,CMD_ORBIT_CORRECTION,1
2025-01-01 04:24:21,CMD_ATTITUDE_ADJUST,1
2025-01-01 04:25:19,CMD_DOWNLINK_START,0
2025-01-01 04:26:31,CMD_REBOOT_OBC,0
2025-01-01 04:26:55,CMD_DOWNLINK_STOP,0
2025-01-01 04:28:28,CMD_ATTITUDE_ADJUST,1
2025-01-01 04:30:12,CMD_PAYLOAD_ON,1
2025-01-01 04:33:37,CMD_DOWNLINK_START,1
2025-01-01 04:34:33,CMD_PAYLOAD_ON,1
2025-01-01 04:37:16,CMD_PAYLOAD_ON,1
2025-01-01 04:37:30,CMD_DOWNLINK_STOP,1
2025-01-01 04:37:56,CMD_DOWNLINK_START,1
2025-01-01 04:38:40,CMD_ATTITUDE_ADJUST,1
2025-01-01 04:39:00,CMD_ORBIT_CORRECTION,1
2025-01-01 04:39:06,CMD_DOWNLINK_STOP,1
2025-01-01 04:39:32,CMD_ATTITUDE_ADJUST,1
2025-01-01 04:40:20,CMD_PAYLOAD_ON,1
2025-01-01 04:41:18,CMD_BATTERY_CHARGE,1
2025-01-01 04:41:22,CMD_ATTITUDE_ADJUST,1
2025-01-01 04:42:30,CMD_DOWNLINK_START,1
2025-01-01 04:43:00,CMD_DOWNLINK_STOP,1
2025-01-01 04:43:26,CMD_PAYLOAD_ON,0
2025-01-01 04:43:52,CMD_PAYLOAD_ON,1
2025-01-01 04:44:03,CMD_ATTITUDE_ADJUST,1
2025-01-01 04:44:44,CMD_GYRO_CALIBRATE,1
2025-01-01 04:45:10,CMD_ATTITUDE_ADJUST,1
2025-01-01 04:45:56,CMD_PAYLOAD_ON,1
2025-01-01 04:45:58,CMD_DOWNLINK_START,1
2025-01-01 04:46:17,CMD_REBOOT_OBC,1
2025-01-01 04:46:24,CMD_PAYLOAD_ON,1
2025-01-01 04:47:09,CMD_PAYLOAD_ON,1
2025-01-01 04:47:14,CMD_ORBIT_CORRECTION,1
2025-01-01 04:47:59,CMD_REBOOT_OBC,1
2025-01-01 04:49:09,CMD_PAYLOAD_OFF,1
2025-01-01 04:50:12,CMD_PAYLOAD_OFF,1
2025-01-01 04:50:41,CMD_PAYLOAD_ON,1
2025-01-01 04:50:43,CMD_BATTERY_CHARGE,1
2025-01-01 04:51:12,CMD_PAYLOAD_ON,1
2025-01-01 04:51:28,CMD_ORBIT_CORRECTION,1
2025-01-01 04:51:49,CMD_DOWNLINK_STOP,1
2025-01-01 04:52:25,CMD_PAYLOAD_ON,1
2025-01-01 04:53:20,CMD_PAYLOAD_ON,1
2025-01-01 04:55:54,CMD_REBOOT_OBC,1
2025-01-01 04:56:05,CMD_ATTITUDE_ADJUST,1
2025-01-01 04:56:16,CMD_GYRO_CALIBRATE,1
2025-01-01 04:58:03,CMD_DOWNLINK_START,1
2025-01-01 04:59:12,CMD_GYRO_CALIBRATE,1
2025-01-01 04:59:56,CMD_GYRO_CALIBRATE,1
2025-01-01 04:59:57,CMD_PAYLOAD_ON,1
2025-01-01 05:01:38,CMD_REBOOT_OBC,1
2025-01-01 05:02:10,CMD_DOWNLINK_START,1
2025-01-01 05:02:59,CMD_DOWNLINK_STOP,1
2025-01-01 05:03:33,CMD_ORBIT_CORRECTION,1
2025-01-01 05:03:47,CMD_PAYLOAD_OFF,1
2025-01-01 05:04:02,CMD_DOWNLINK_START,1
2025-01-01 05:04:21,CMD_ATTITUDE_ADJUST,1
2025-01-01 05:04:29,CMD_ORBIT_CORRECTION,1
2025-01-01 05:04:40,CMD_REBOOT_OBC,1
2025-01-01 05:05:00,CMD_REBOOT_OBC,0
2025-01-01 05:07:13,CMD_ORBIT_CORRECTION,1
2025-01-01 05:09:08,CMD_ATTITUDE_ADJUST,1
2025-01-01 05:09:48,CMD_BATTERY_CHARGE,1
2025-01-01 05:10:15,CMD_PAYLOAD_ON,1
2025-01-01 05:11:00,CMD_DOWNLINK_STOP,1
2025-01-01 05:11:15,CMD_REBOOT_OBC,1
2025-01-01 05:11:16,CMD_GYRO_CALIBRATE,1
2025-01-01 05:11:27,CMD_ORBIT_CORRECTION,1
2025-01-01 05:11:28,CMD_ATTITUDE_ADJUST,1
2025-01-01 05:11:55,CMD_ORBIT_CORRECTION,1
2025-01-01 05:12:36,CMD_ATTITUDE_ADJUST,1
2025-01-01 05:13:02,CMD_PAYLOAD_ON,1
2025-01-01 05:13:42,CMD_BATTERY_CHARGE,1
2025-01-01 05:15:01,CMD_ATTITUDE_ADJUST,1
2025-01-01 05:15:09,CMD_ATTITUDE_ADJUST,1
2025-01-01 05:15:53,CMD_ORBIT_CORRECTION,1
2025-01-01 05:16:57,CMD_PAYLOAD_ON,1
2025-01-01 05:17:36,CMD_PAYLOAD_ON,1
2025-01-01 05:18:15,CMD_ORBIT_CORRECTION,1
2025-01-01 05:19:01,CMD_PAYLOAD_ON,1
2025-01-01 05:19:23,CMD_GYRO_CALIBRATE,1
2025-01-01 05:19:31,CMD_BATTERY_CHARGE,1
2025-01-01 05:21:20,CMD_DOWNLINK_START,1
2025-01-01 05:21:50,CMD_BATTERY_CHARGE,1
2025-01-01 05:23:14,CMD_SAFE_MODE,1
2025-01-01 05:23:36,CMD_ATTITUDE_ADJUST,1
2025-01-01 05:23:38,CMD_BATTERY_CHARGE,1
2025-01-01 05:24:15,CMD_REBOOT_OBC,1
2025-01-01 05:24:25,CMD_BATTERY_CHARGE,1
2025-01-01 05:25:23,CMD_PAYLOAD_ON,1
2025-01-01 05:27:02,CMD_PAYLOAD_ON,1
2025-01-01 05:27:24,CMD_ORBIT_CORRECTION,1
2025-01-01 05:29:57,CMD_GYRO_CALIBRATE,1
2025-01-01 05:31:14,CMD_PAYLOAD_ON,1
2025-01-01 05:34:39,CMD_DOWNLINK_START,1
2025-01-01 05:35:28,CMD_PAYLOAD_ON,1
2025-01-01 05:36:49,CMD_ATTITUDE_ADJUST,1
2025-01-01 05:37:19,CMD_PAYLOAD_OFF,1
2025-01-01 05:38:11,CMD_ATTITUDE_ADJUST,1
2025-01-01 05:38:18,CMD_ATTITUDE_ADJUST,1
2025-01-01 05:39:33,CMD_ATTITUDE_ADJUST,1
2025-01-01 05:39:48,CMD_BATTERY_CHARGE,1
2025-01-01 05:40:25,CMD_DOWNLINK_START,1
2025-01-01 05:40:34,CMD_PAYLOAD_ON,1
2025-01-01 05:41:13,CMD_PAYLOAD_ON,1
2025-01-01 05:42:11,CMD_DOWNLINK_START,1
2025-01-01 05:42:22,CMD_DOWNLINK_START,1
2025-01-01 05:42:25,CMD_DOWNLINK_STOP,1
2025-01-01 05:43:19,CMD_DOWNLINK_START,1
2025-01-01 05:43:41,CMD_PAYLOAD_OFF,0
2025-01-01 05:44:22,CMD_DOWNLINK_START,1
2025-01-01 05:44:32,CMD_ATTITUDE_ADJUST,1
2025-01-01 05:45:54,CMD_PAYLOAD_ON,1
2025-01-01 05:45:58,CMD_SAFE_MODE,0
2025-01-01 05:47:32,CMD_GYRO_CALIBRATE,1
2025-01-01 05:49:03,CMD_ATTITUDE_ADJUST,1
2025-01-01 05:49:06,CMD_ATTITUDE_ADJUST,1
2025-01-01 05:51:27,CMD_ORBIT_CORRECTION,1
2025-01-01 05:51:59,CMD_SAFE_MODE,1
2025-01-01 05:54:51,CMD_ATTITUDE_ADJUST,1
2025-01-01 05:55:26,CMD_DOWNLINK_STOP,1
2025-01-01 05:55:30,CMD_ATTITUDE_ADJUST,1
2025-01-01 05:55:52,CMD_GYRO_CALIBRATE,1
2025-01-01 05:56:35,CMD_PAYLOAD_ON,1
2025-01-01 05:58:27,CMD_BATTERY_CHARGE,1
2025-01-01 05:58:47,CMD_REBOOT_OBC,1
2025-01-01 05:58:57,CMD_REBOOT_OBC,1
2025-01-01 05:59:15,CMD_PAYLOAD_OFF,1
2025-01-01 05:59:34,CMD_PAYLOAD_ON,1
2025-01-01 05:59:40,CMD_ORBIT_CORRECTION,1
2025-01-01 06:00:08,CMD_PAYLOAD_ON,1
2025-01-01 06:00:49,CMD_DOWNLINK_STOP,1
2025-01-01 06:00:58,CMD_PAYLOAD_ON,1
2025-01-01 06:01:35,CMD_PAYLOAD_ON,1
2025-01-01 06:01:39,CMD_SAFE_MODE,1
2025-01-01 06:01:51,CMD_SAFE_MODE,1
2025-01-01 06:01:51,CMD_REBOOT_OBC,1
2025-01-01 06:02:11,CMD_DOWNLINK_STOP,1
2025-01-01 06:03:13,CMD_DOWNLINK_START,1
2025-01-01 06:03:24,CMD_ATTITUDE_ADJUST,1
2025-01-01 06:03:30,CMD_PAYLOAD_OFF,1
2025-01-01 06:03:45,CMD_ATTITUDE_ADJUST,1
2025-01-01 06:06:36,CMD_PAYLOAD_OFF,1
2025-01-01 06:07:23,CMD_GYRO_CALIBRATE,1
2025-01-01 06:09:05,CMD_DOWNLINK_STOP,1
2025-01-01 06:09:21,CMD_DOWNLINK_STOP,1
2025-01-01 06:09:51,CMD_PAYLOAD_ON,1
2025-01-01 06:10:05,CMD_ATTITUDE_ADJUST,1
2025-01-01 06:10:09,CMD_ATTITUDE_ADJUST,1
2025-01-01 06:10:12,CMD_ATTITUDE_ADJUST,1
2025-01-01 06:10:18,CMD_ATTITUDE_ADJUST,1
2025-01-01 06:10:42,CMD_DOWNLINK_STOP,1
2025-01-01 06:10:44,CMD_ORBIT_CORRECTION,1
2025-01-01 06:10:53,CMD_PAYLOAD_ON,1
2025-01-01 06:11:26,CMD_ORBIT_CORRECTION,1
2025-01-01 06:12:13,CMD_ATTITUDE_ADJUST,1
2025-01-01 06:14:01,CMD_BATTERY_CHARGE,1
2025-01-01 06:14:48,CMD_PAYLOAD_OFF,1
2025-01-01 06:15:25,CMD_ATTITUDE_ADJUST,1
2025-01-01 06:15:40,CMD_PAYLOAD_ON,1
2025-01-01 06:15:42,CMD_DOWNLINK_START,1
2025-01-01 06:16:00,CMD_ATTITUDE_ADJUST,1
2025-01-01 06:17:11,CMD_DOWNLINK_STOP,1
2025-01-01 06:17:20,CMD_DOWNLINK_STOP,1
2025-01-01 06:17:38,CMD_ATTITUDE_ADJUST,1
2025-01-01 06:19:05,CMD_ATTITUDE_ADJUST,1
2025-01-01 06:19:14,CMD_BATTERY_CHARGE,1
2025-01-01 06:21:13,CMD_BATTERY_CHARGE,1
2025-01-01 06:24:51,CMD_ORBIT_CORRECTION,1
2025-01-01 06:26:34,CMD_DOWNLINK_STOP,1
2025-01-01 06:29:57,CMD_DOWNLINK_START,1
2025-01-01 06:30:37,CMD_DOWNLINK_START,1
2025-01-01 06:31:05,CMD_DOWNLINK_START,1
2025-01-01 06:31:16,CMD_GYRO_CALIBRATE,1
2025-01-01 06:31:30,CMD_PAYLOAD_ON,1
2025-01-01 06:31:53,CMD_PAYLOAD_OFF,1
2025-01-01 06:32:26,CMD_DOWNLINK_STOP,1
2025-01-01 06:33:00,CMD_ORBIT_CORRECTION,1
2025-01-01 06:33:26,CMD_PAYLOAD_ON,1
2025-01-01 06:37:07,CMD_GYRO_CALIBRATE,1
2025-01-01 06:38:21,CMD_PAYLOAD_ON,1
2025-01-01 06:38:44,CMD_BATTERY_CHARGE,1
2025-01-01 06:38:45,CMD_ATTITUDE_ADJUST,1
2025-01-01 06:40:03,CMD_DOWNLINK_STOP,1
2025-01-01 06:40:05,CMD_ATTITUDE_ADJUST,1
2025-01-01 06:41:26,CMD_PAYLOAD_ON,1
2025-01-01 06:42:34,CMD_GYRO_CALIBRATE,0
2025-01-01 06:42:55,CMD_DOWNLINK_START,1
2025-01-01 06:44:03,CMD_BATTERY_CHARGE,1
2025-01-01 06:44:41,CMD_PAYLOAD_OFF,1
2025-01-01 06:44:48,CMD_REBOOT_OBC,1
2025-01-01 06:45:10,CMD_GYRO_CALIBRATE,1
2025-01-01 06:45:12,CMD_PAYLOAD_ON,1
2025-01-01 06:45:46,CMD_PAYLOAD_ON,1
2025-01-01 06:46:38,CMD_PAYLOAD_OFF,1
2025-01-01 06:46:48,CMD_REBOOT_OBC,1
2025-01-01 06:48:11,CMD_GYRO_CALIBRATE,1
2025-01-01 06:49:10,CMD_DOWNLINK_START,1
2025-01-01 06:49:35,CMD_PAYLOAD_OFF,1
2025-01-01 06:50:05,CMD_ATTITUDE_ADJUST,1
2025-01-01 06:50:44,CMD_SAFE_MODE,1
2025-01-01 06:51:26,CMD_PAYLOAD_ON,1
2025-01-01 06:53:09,CMD_PAYLOAD_OFF,1
2025-01-01 06:53:36,CMD_GYRO_CALIBRATE,1
2025-01-01 06:53:44,CMD_ORBIT_CORRECTION,1
2025-01-01 06:53:49,CMD_GYRO_CALIBRATE,1
2025-01-01 06:55:11,CMD_DOWNLINK_STOP,1
2025-01-01 06:55:14,CMD_ATTITUDE_ADJUST,1
2025-01-01 06:55:45,CMD_PAYLOAD_ON,1
2025-01-01 06:55:49,CMD_BATTERY_CHARGE,1
2025-01-01 06:57:17,CMD_REBOOT_OBC,1
2025-01-01 06:58:11,CMD_PAYLOAD_ON,1
2025-01-01 06:58:13,CMD_PAYLOAD_ON,1
2025-01-01 06:58:27,CMD_ATTITUDE_ADJUST,1
2025-01-01 06:59:33,CMD_ATTITUDE_ADJUST,1
2025-01-01 07:01:58,CMD_BATTERY_CHARGE,1
2025-01-01 07:02:19,CMD_PAYLOAD_ON,1
2025-01-01 07:02:42,CMD_PAYLOAD_OFF,1
2025-01-01 07:02:50,CMD_REBOOT_OBC,1
2025-01-01 07:03:02,CMD_ORBIT_CORRECTION,0
2025-01-01 07:04:25,CMD_PAYLOAD_ON,1
2025-01-01 07:04:34,CMD_PAYLOAD_OFF,1
2025-01-01 07:04:35,CMD_PAYLOAD_ON,1
2025-01-01 07:05:11,CMD_REBOOT_OBC,1
2025-01-01 07:05:51,CMD_ORBIT_CORRECTION,1
2025-01-01 07:06:27,CMD_GYRO_CALIBRATE,1
2025-01-01 07:08:05,CMD_PAYLOAD_OFF,1
2025-01-01 07:08:22,CMD_PAYLOAD_OFF,1
2025-01-01 07:08:47,CMD_PAYLOAD_OFF,1
2025-01-01 07:09:26,CMD_BATTERY_CHARGE,1
2025-01-01 07:12:16,CMD_SAFE_MODE,1
2025-01-01 07:13:28,CMD_DOWNLINK_STOP,1
2025-01-01 07:13:35,CMD_ORBIT_CORRECTION,1
2025-01-01 07:14:04,CMD_SAFE_MODE,1
2025-01-01 07:15:07,CMD_DOWNLINK_STOP,1
2025-01-01 07:15:18,CMD_SAFE_MODE,0
2025-01-01 07:15:19,CMD_DOWNLINK_START,1
2025-01-01 07:15:29,CMD_ATTITUDE_ADJUST,1
2025-01-01 07:16:02,CMD_PAYLOAD_ON,1
2025-01-01 07:17:30,CMD_BATTERY_CHARGE,1
2025-01-01 07:17:49,CMD_ATTITUDE_ADJUST,1
2025-01-01 07:17:59,CMD_DOWNLINK_START,1
2025-01-01 07:18:04,CMD_GYRO_CALIBRATE,1
2025-01-01 07:20:15,CMD_GYRO_CALIBRATE,1
2025-01-01 07:20:27,CMD_DOWNLINK_STOP,1
2025-01-01 07:21:05,CMD_ATTITUDE_ADJUST,1
2025-01-01 07:21:07,CMD_SAFE_MODE,1
2025-01-01 07:24:25,CMD_DOWNLINK_STOP,1
2025-01-01 07:25:32,CMD_PAYLOAD_ON,1
2025-01-01 07:28:33,CMD_ATTITUDE_ADJUST,1
2025-01-01 07:28:38,CMD_DOWNLINK_STOP,1
2025-01-01 07:28:46,CMD_ORBIT_CORRECTION,1
2025-01-01 07:29:53,CMD_ORBIT_CORRECTION,1
2025-01-01 07:31:37,CMD_BATTERY_CHARGE,1
2025-01-01 07:31:55,CMD_ATTITUDE_ADJUST,1
2025-01-01 07:32:20,CMD_PAYLOAD_ON,1
2025-01-01 07:33:15,CMD_ORBIT_CORRECTION,1
2025-01-01 07:37:56,CMD_DOWNLINK_STOP,1
2025-01-01 07:38:02,CMD_ATTITUDE_ADJUST,1
2025-01-01 07:38:14,CMD_ATTITUDE_ADJUST,1
2025-01-01 07:38:23,CMD_PAYLOAD_OFF,1
2025-01-01 07:38:43,CMD_SAFE_MODE,1
2025-01-01 07:39:39,CMD_DOWNLINK_START,1
2025-01-01 07:40:21,CMD_DOWNLINK_START,1
2025-01-01 07:40:31,CMD_PAYLOAD_OFF,1
2025-01-01 07:41:24,CMD_GYRO_CALIBRATE,1
2025-01-01 07:41:53,CMD_SAFE_MODE,1
2025-01-01 07:42:37,CMD_DOWNLINK_STOP,1
2025-01-01 07:42:46,CMD_REBOOT_OBC,1
2025-01-01 07:43:16,CMD_PAYLOAD_OFF,1
2025-01-01 07:44:52,CMD_PAYLOAD_ON,1
2025-01-01 07:46:07,CMD_ORBIT_CORRECTION,1
2025-01-01 07:47:49,CMD_DOWNLINK_STOP,1
2025-01-01 07:48:08,CMD_REBOOT_OBC,1
2025-01-01 07:49:33,CMD_PAYLOAD_ON,1
2025-01-01 07:51:27,CMD_PAYLOAD_OFF,1
2025-01-01 07:53:11,CMD_PAYLOAD_OFF,1
2025-01-01 07:53:20,CMD_DOWNLINK_START,1
2025-01-01 07:54:17,CMD_BATTERY_CHARGE,1
2025-01-01 07:54:35,CMD_DOWNLINK_STOP,1
2025-01-01 07:57:26,CMD_BATTERY_CHARGE,1
2025-01-01 07:59:28,CMD_BATTERY_CHARGE,1
2025-01-01 07:59:39,CMD_ATTITUDE_ADJUST,0
2025-01-01 08:00:53,CMD_DOWNLINK_STOP,1
2025-01-01 08:01:32,CMD_GYRO_CALIBRATE,1
2025-01-01 08:02:04,CMD_PAYLOAD_ON,1
2025-01-01 08:03:26,CMD_PAYLOAD_OFF,1
2025-01-01 08:03:42,CMD_BATTERY_CHARGE,1
2025-01-01 08:04:00,CMD_DOWNLINK_START,1
2025-01-01 08:06:04,CMD_PAYLOAD_OFF,1
2025-01-01 08:08:03,CMD_GYRO_CALIBRATE,1
2025-01-01 08:09:36,CMD_ATTITUDE_ADJUST,1
2025-01-01 08:11:29,CMD_PAYLOAD_OFF,1
2025-01-01 08:12:00,CMD_ORBIT_CORRECTION,1
2025-01-01 08:12:07,CMD_DOWNLINK_STOP,1
2025-01-01 08:13:25,CMD_ATTITUDE_ADJUST,1
2025-01-01 08:14:25,CMD_PAYLOAD_ON,1
2025-01-01 08:15:43,CMD_PAYLOAD_ON,1
2025-01-01 08:19:52,CMD_GYRO_CALIBRATE,1
2025-01-01 08:20:41,CMD_PAYLOAD_ON,1
2025-01-01 08:21:07,CMD_DOWNLINK_STOP,1
2025-01-01 08:21:42,CMD_DOWNLINK_STOP,1
2025-01-01 08:22:01,CMD_PAYLOAD_OFF,0
2025-01-01 08:23:42,CMD_DOWNLINK_START,1
2025-01-01 08:23:45,CMD_ATTITUDE_ADJUST,1
2025-01-01 08:24:21,CMD_ATTITUDE_ADJUST,1
2025-01-01 08:24:36,CMD_PAYLOAD_ON,1
2025-01-01 08:25:06,CMD_GYRO_CALIBRATE,1
2025-01-01 08:26:23,CMD_ATTITUDE_ADJUST,1
2025-01-01 08:26:39,CMD_PAYLOAD_OFF,1
2025-01-01 08:26:56,CMD_GYRO_CALIBRATE,1
2025-01-01 08:27:53,CMD_ATTITUDE_ADJUST,1
2025-01-01 08:28:02,CMD_BATTERY_CHARGE,1
2025-01-01 08:28:16,CMD_ORBIT_CORRECTION,1
2025-01-01 08:28:18,CMD_ATTITUDE_ADJUST,1
2025-01-01 08:31:08,CMD_PAYLOAD_OFF,0
2025-01-01 08:33:30,CMD_PAYLOAD_ON,1
2025-01-01 08:35:32,CMD_DOWNLINK_START,1
2025-01-01 08:36:58,CMD_PAYLOAD_ON,1
2025-01-01 08:37:16,CMD_PAYLOAD_ON,1
2025-01-01 08:38:06,CMD_BATTERY_CHARGE,1
2025-01-01 08:38:46,CMD_DOWNLINK_STOP,1
2025-01-01 08:38:49,CMD_DOWNLINK_STOP,1
2025-01-01 08:38:53,CMD_DOWNLINK_START,1
2025-01-01 08:39:05,CMD_ATTITUDE_ADJUST,1
2025-01-01 08:42:20,CMD_ATTITUDE_ADJUST,1
2025-01-01 08:44:41,CMD_DOWNLINK_STOP,1
2025-01-01 08:45:09,CMD_ORBIT_CORRECTION,1
2025-01-01 08:45:10,CMD_DOWNLINK_START,1
2025-01-01 08:45:59,CMD_GYRO_CALIBRATE,1
2025-01-01 08:47:25,CMD_ORBIT_CORRECTION,1
2025-01-01 08:49:06,CMD_DOWNLINK_STOP,1
2025-01-01 08:49:12,CMD_BATTERY_CHARGE,1
2025-01-01 08:49:30,CMD_PAYLOAD_ON,1
2025-01-01 08:50:13,CMD_PAYLOAD_OFF,1
2025-01-01 08:50:20,CMD_ATTITUDE_ADJUST,1
2025-01-01 08:51:16,CMD_ATTITUDE_ADJUST,1
2025-01-01 08:51:31,CMD_ATTITUDE_ADJUST,1
2025-01-01 08:52:02,CMD_DOWNLINK_STOP,1
2025-01-01 08:52:51,CMD_DOWNLINK_STOP,1
2025-01-01 08:52:56,CMD_DOWNLINK_STOP,1
2025-01-01 08:53:36,CMD_ATTITUDE_ADJUST,1
2025-01-01 08:53:39,CMD_GYRO_CALIBRATE,1
2025-01-01 08:54:55,CMD_GYRO_CALIBRATE,0
2025-01-01 08:55:52,CMD_ATTITUDE_ADJUST,1
2025-01-01 08:56:17,CMD_DOWNLINK_START,1
2025-01-01 08:57:47,CMD_DOWNLINK_START,1
2025-01-01 08:58:14,CMD_DOWNLINK_START,1
2025-01-01 08:59:20,CMD_DOWNLINK_START,1
2025-01-01 09:00:19,CMD_BATTERY_CHARGE,1
2025-01-01 09:01:10,CMD_ORBIT_CORRECTION,1
2025-01-01 09:02:57,CMD_SAFE_MODE,1
2025-01-01 09:03:22,CMD_REBOOT_OBC,1
2025-01-01 09:04:35,CMD_DOWNLINK_STOP,0
2025-01-01 09:06:22,CMD_ATTITUDE_ADJUST,1
2025-01-01 09:06:46,CMD_ATTITUDE_ADJUST,1
2025-01-01 09:08:37,CMD_DOWNLINK_STOP,1
2025-01-01 09:10:12,CMD_BATTERY_CHARGE,1
2025-01-01 09:10:43,CMD_DOWNLINK_START,1
2025-01-01 09:10:44,CMD_PAYLOAD_OFF,0
2025-01-01 09:10:55,CMD_PAYLOAD_OFF,1
2025-01-01 09:11:17,CMD_DOWNLINK_STOP,1
2025-01-01 09:12:50,CMD_SAFE_MODE,1
2025-01-01 09:14:28,CMD_DOWNLINK_STOP,1
2025-01-01 09:17:27,CMD_ATTITUDE_ADJUST,1
2025-01-01 09:18:38,CMD_PAYLOAD_OFF,1
2025-01-01 09:18:43,CMD_GYRO_CALIBRATE,1
2025-01-01 09:18:45,CMD_DOWNLINK_START,0
2025-01-01 09:20:37,CMD_ORBIT_CORRECTION,1
2025-01-01 09:21:55,CMD_PAYLOAD_OFF,1
2025-01-01 09:21:56,CMD_REBOOT_OBC,1
2025-01-01 09:21:58,CMD_ATTITUDE_ADJUST,1
2025-01-01 09:22:09,CMD_ATTITUDE_ADJUST,1
2025-01-01 09:25:02,CMD_GYRO_CALIBRATE,1
2025-01-01 09:25:09,CMD_ATTITUDE_ADJUST,1
2025-01-01 09:25:32,CMD_REBOOT_OBC,1
2025-01-01 09:25:48,CMD_ATTITUDE_ADJUST,1
2025-01-01 09:25:52,CMD_PAYLOAD_ON,1
2025-01-01 09:25:53,CMD_DOWNLINK_STOP,1
2025-01-01 09:29:02,CMD_GYRO_CALIBRATE,1
2025-01-01 09:29:07,CMD_DOWNLINK_START,1
2025-01-01 09:29:29,CMD_PAYLOAD_ON,1
2025-01-01 09:31:15,CMD_DOWNLINK_START,1
2025-01-01 09:31:52,CMD_PAYLOAD_ON,1
2025-01-01 09:35:12,CMD_DOWNLINK_STOP,1
2025-01-01 09:36:00,CMD_PAYLOAD_ON,1
2025-01-01 09:37:20,CMD_PAYLOAD_ON,1
2025-01-01 09:37:34,CMD_ORBIT_CORRECTION,1
2025-01-01 09:38:43,CMD_PAYLOAD_OFF,1
2025-01-01 09:39:23,CMD_PAYLOAD_ON,1
2025-01-01 09:39:24,CMD_BATTERY_CHARGE,1
2025-01-01 09:40:18,CMD_BATTERY_CHARGE,1
2025-01-01 09:41:06,CMD_BATTERY_CHARGE,1
2025-01-01 09:42:03,CMD_SAFE_MODE,1
2025-01-01 09:44:19,CMD_PAYLOAD_OFF,1
2025-01-01 09:45:11,CMD_ORBIT_CORRECTION,1
2025-01-01 09:46:31,CMD_ATTITUDE_ADJUST,1
2025-01-01 09:46:34,CMD_BATTERY_CHARGE,1
2025-01-01 09:47:29,CMD_ATTITUDE_ADJUST,1
2025-01-01 09:48:05,CMD_ATTITUDE_ADJUST,1
2025-01-01 09:48:39,CMD_DOWNLINK_START,1
2025-01-01 09:48:46,CMD_PAYLOAD_ON,1
2025-01-01 09:48:55,CMD_DOWNLINK_START,1
2025-01-01 09:49:14,CMD_GYRO_CALIBRATE,1
2025-01-01 09:50:16,CMD_ORBIT_CORRECTION,1
2025-01-01 09:54:27,CMD_DOWNLINK_STOP,1
2025-01-01 09:57:45,CMD_ORBIT_CORRECTION,1
2025-01-01 09:58:24,CMD_REBOOT_OBC,1
2025-01-01 10:00:23,CMD_BATTERY_CHARGE,0
2025-01-01 10:02:06,CMD_PAYLOAD_OFF,0
2025-01-01 10:02:06,CMD_DOWNLINK_START,1
2025-01-01 10:02:25,CMD_ORBIT_CORRECTION,1
2025-01-01 10:03:02,CMD_GYRO_CALIBRATE,1
2025-01-01 10:04:42,CMD_DOWNLINK_STOP,1
2025-01-01 10:04:52,CMD_DOWNLINK_START,1
2025-01-01 10:05:55,CMD_DOWNLINK_START,0
2025-01-01 10:06:05,CMD_ATTITUDE_ADJUST,1
2025-01-01 10:06:13,CMD_ORBIT_CORRECTION,1
2025-01-01 10:06:15,CMD_BATTERY_CHARGE,1
2025-01-01 10:07:15,CMD_DOWNLINK_START,1
2025-01-01 10:07:48,CMD_ORBIT_CORRECTION,1
2025-01-01 10:08:53,CMD_PAYLOAD_OFF,1
2025-01-01 10:09:16,CMD_ATTITUDE_ADJUST,1
2025-01-01 10:10:57,CMD_DOWNLINK_STOP,1
2025-01-01 10:11:12,CMD_PAYLOAD_ON,1
2025-01-01 10:11:35,CMD_PAYLOAD_ON,1
2025-01-01 10:11:59,CMD_PAYLOAD_ON,1
2025-01-01 10:13:27,CMD_PAYLOAD_ON,1
2025-01-01 10:14:15,CMD_GYRO_CALIBRATE,1
2025-01-01 10:14:58,CMD_PAYLOAD_OFF,1
2025-01-01 10:15:45,CMD_ATTITUDE_ADJUST,1
2025-01-01 10:16:39,CMD_GYRO_CALIBRATE,1
2025-01-01 10:16:50,CMD_DOWNLINK_STOP,1
2025-01-01 10:17:42,CMD_ATTITUDE_ADJUST,1
2025-01-01 10:18:36,CMD_DOWNLINK_STOP,1
2025-01-01 10:18:52,CMD_ATTITUDE_ADJUST,1
2025-01-01 10:19:06,CMD_REBOOT_OBC,1
2025-01-01 10:19:13,CMD_PAYLOAD_OFF,1
2025-01-01 10:21:57,CMD_ORBIT_CORRECTION,1
2025-01-01 10:24:03,CMD_PAYLOAD_ON,1
2025-01-01 10:24:46,CMD_DOWNLINK_STOP,1
2025-01-01 10:24:49,CMD_DOWNLINK_STOP,1
2025-01-01 10:24:51,CMD_SAFE_MODE,1
2025-01-01 10:25:44,CMD_ATTITUDE_ADJUST,1
2025-01-01 10:27:31,CMD_ATTITUDE_ADJUST,1
2025-01-01 10:28:27,CMD_PAYLOAD_ON,1
2025-01-01 10:28:30,CMD_BATTERY_CHARGE,1
2025-01-01 10:28:32,CMD_ATTITUDE_ADJUST,1
2025-01-01 10:29:40,CMD_PAYLOAD_ON,1
2025-01-01 10:30:22,CMD_DOWNLINK_STOP,1
2025-01-01 10:30:34,CMD_REBOOT_OBC,1
2025-01-01 10:32:10,CMD_DOWNLINK_STOP,1
2025-01-01 10:32:36,CMD_BATTERY_CHARGE,1
2025-01-01 10:32:38,CMD_DOWNLINK_START,1
2025-01-01 10:33:16,CMD_PAYLOAD_OFF,1
2025-01-01 10:33:17,CMD_PAYLOAD_ON,1
2025-01-01 10:33:20,CMD_DOWNLINK_START,1
2025-01-01 10:33:36,CMD_BATTERY_CHARGE,1
2025-01-01 10:34:11,CMD_GYRO_CALIBRATE,1
2025-01-01 10:34:15,CMD_PAYLOAD_ON,1
2025-01-01 10:36:14,CMD_ORBIT_CORRECTION,1
2025-01-01 10:36:31,CMD_DOWNLINK_START,1
2025-01-01 10:36:58,CMD_PAYLOAD_ON,1
2025-01-01 10:37:28,CMD_REBOOT_OBC,1
2025-01-01 10:38:09,CMD_DOWNLINK_START,1
2025-01-01 10:39:33,CMD_PAYLOAD_ON,1
2025-01-01 10:39:41,CMD_DOWNLINK_STOP,1
2025-01-01 10:39:54,CMD_GYRO_CALIBRATE,1
2025-01-01 10:40:13,CMD_ATTITUDE_ADJUST,1
2025-01-01 10:45:45,CMD_ATTITUDE_ADJUST,1
2025-01-01 10:45:49,CMD_PAYLOAD_OFF,1
2025-01-01 10:46:45,CMD_ORBIT_CORRECTION,1
2025-01-01 10:47:58,CMD_DOWNLINK_START,1
2025-01-01 10:48:01,CMD_ATTITUDE_ADJUST,1
2025-01-01 10:48:41,CMD_ATTITUDE_ADJUST,1
2025-01-01 10:49:33,CMD_PAYLOAD_OFF,1
2025-01-01 10:49:36,CMD_ATTITUDE_ADJUST,1
2025-01-01 10:50:15,CMD_DOWNLINK_START,1
2025-01-01 10:50:17,CMD_DOWNLINK_START,1
2025-01-01 10:50:51,CMD_DOWNLINK_START,1
2025-01-01 10:51:47,CMD_BATTERY_CHARGE,1
2025-01-01 10:53:01,CMD_GYRO_CALIBRATE,1
2025-01-01 10:53:58,CMD_BATTERY_CHARGE,1
2025-01-01 10:54:15,CMD_PAYLOAD_OFF,1
2025-01-01 10:54:53,CMD_ORBIT_CORRECTION,1
2025-01-01 10:55:39,CMD_SAFE_MODE,1
2025-01-01 10:56:17,CMD_GYRO_CALIBRATE,1
2025-01-01 10:56:59,CMD_ATTITUDE_ADJUST,1
2025-01-01 10:57:03,CMD_GYRO_CALIBRATE,1
2025-01-01 10:57:06,CMD_PAYLOAD_OFF,1
2025-01-01 10:57:13,CMD_ORBIT_CORRECTION,1
2025-01-01 10:58:09,CMD_ATTITUDE_ADJUST,1
2025-01-01 10:58:56,CMD_BATTERY_CHARGE,1
2025-01-01 11:00:24,CMD_GYRO_CALIBRATE,1
2025-01-01 11:02:56,CMD_SAFE_MODE,1
2025-01-01 11:05:41,CMD_ATTITUDE_ADJUST,1
2025-01-01 11:05:58,CMD_REBOOT_OBC,1
2025-01-01 11:06:03,CMD_PAYLOAD_OFF,1
2025-01-01 11:06:42,CMD_DOWNLINK_START,1
2025-01-01 11:07:58,CMD_DOWNLINK_STOP,1
2025-01-01 11:08:49,CMD_GYRO_CALIBRATE,1
2025-01-01 11:08:53,CMD_GYRO_CALIBRATE,1
2025-01-01 11:09:20,CMD_GYRO_CALIBRATE,0
2025-01-01 11:11:14,CMD_ATTITUDE_ADJUST,1
2025-01-01 11:11:19,CMD_ATTITUDE_ADJUST,0
2025-01-01 11:12:38,CMD_GYRO_CALIBRATE,1
2025-01-01 11:12:43,CMD_PAYLOAD_OFF,1
2025-01-01 11:13:06,CMD_DOWNLINK_START,1
2025-01-01 11:13:23,CMD_ORBIT_CORRECTION,1
2025-01-01 11:13:50,CMD_ATTITUDE_ADJUST,1
2025-01-01 11:14:44,CMD_ATTITUDE_ADJUST,1
2025-01-01 11:15:57,CMD_BATTERY_CHARGE,1
2025-01-01 11:18:45,CMD_GYRO_CALIBRATE,1
2025-01-01 11:19:11,CMD_DOWNLINK_STOP,1
2025-01-01 11:19:28,CMD_DOWNLINK_START,1
2025-01-01 11:20:31,CMD_PAYLOAD_ON,1
2025-01-01 11:21:03,CMD_BATTERY_CHARGE,1
2025-01-01 11:24:51,CMD_DOWNLINK_STOP,1
2025-01-01 11:25:27,CMD_PAYLOAD_ON,1
2025-01-01 11:25:47,CMD_ATTITUDE_ADJUST,1
2025-01-01 11:26:45,CMD_DOWNLINK_START,1
2025-01-01 11:27:38,CMD_PAYLOAD_ON,0
2025-01-01 11:28:10,CMD_REBOOT_OBC,1
2025-01-01 11:30:06,CMD_GYRO_CALIBRATE,1
2025-01-01 11:30:29,CMD_PAYLOAD_OFF,1
2025-01-01 11:30:57,CMD_REBOOT_OBC,1
2025-01-01 11:31:02,CMD_DOWNLINK_START,1
2025-01-01 11:31:10,CMD_DOWNLINK_STOP,1
2025-01-01 11:31:16,CMD_REBOOT_OBC,1
2025-01-01 11:32:32,CMD_REBOOT_OBC,1
2025-01-01 11:32:33,CMD_REBOOT_OBC,1
2025-01-01 11:33:18,CMD_BATTERY_CHARGE,1
2025-01-01 11:35:56,CMD_ORBIT_CORRECTION,1
2025-01-01 11:35:58,CMD_SAFE_MODE,1
2025-01-01 11:36:55,CMD_BATTERY_CHARGE,1
2025-01-01 11:42:25,CMD_GYRO_CALIBRATE,1
2025-01-01 11:45:11,CMD_REBOOT_OBC,1
2025-01-01 11:51:43,CMD_DOWNLINK_STOP,1
2025-01-01 11:52:03,CMD_ORBIT_CORRECTION,1
2025-01-01 11:52:48,CMD_BATTERY_CHARGE,1
2025-01-01 11:53:31,CMD_PAYLOAD_OFF,1
2025-01-01 11:53:36,CMD_ATTITUDE_ADJUST,1
2025-01-01 11:53:39,CMD_ATTITUDE_ADJUST,1
2025-01-01 11:54:13,CMD_PAYLOAD_ON,1
2025-01-01 11:54:24,CMD_DOWNLINK_START,1
2025-01-01 11:55:03,CMD_REBOOT_OBC,1
2025-01-01 11:56:04,CMD_REBOOT_OBC,1
2025-01-01 11:59:08,CMD_GYRO_CALIBRATE,1
2025-01-01 11:59:18,CMD_SAFE_MODE,1
2025-01-01 12:01:11,CMD_BATTERY_CHARGE,1
2025-01-01 12:01:59,CMD_PAYLOAD_ON,1
2025-01-01 12:03:01,CMD_BATTERY_CHARGE,0
2025-01-01 12:03:17,CMD_GYRO_CALIBRATE,1
2025-01-01 12:07:55,CMD_DOWNLINK_START,1
2025-01-01 12:08:42,CMD_DOWNLINK_STOP,1
2025-01-01 12:09:29,CMD_GYRO_CALIBRATE,1
2025-01-01 12:10:31,CMD_SAFE_MODE,1
2025-01-01 12:14:12,CMD_PAYLOAD_ON,1
2025-01-01 12:15:13,CMD_SAFE_MODE,1
2025-01-01 12:15:45,CMD_ATTITUDE_ADJUST,1
2025-01-01 12:18:13,CMD_DOWNLINK_START,1
2025-01-01 12:18:53,CMD_PAYLOAD_ON,1
2025-01-01 12:20:27,CMD_GYRO_CALIBRATE,1
2025-01-01 12:20:36,CMD_ATTITUDE_ADJUST,1
2025-01-01 12:20:40,CMD_PAYLOAD_OFF,1
2025-01-01 12:21:06,CMD_DOWNLINK_START,1
2025-01-01 12:22:34,CMD_REBOOT_OBC,1
2025-01-01 12:23:19,CMD_PAYLOAD_ON,1
2025-01-01 12:24:12,CMD_REBOOT_OBC,1
2025-01-01 12:24:13,CMD_DOWNLINK_START,1
2025-01-01 12:24:52,CMD_GYRO_CALIBRATE,1
2025-01-01 12:24:58,CMD_BATTERY_CHARGE,1
2025-01-01 12:25:40,CMD_ORBIT_CORRECTION,1
2025-01-01 12:26:03,CMD_ATTITUDE_ADJUST,1
2025-01-01 12:26:16,CMD_GYRO_CALIBRATE,1
2025-01-01 12:27:03,CMD_SAFE_MODE,1
2025-01-01 12:27:25,CMD_PAYLOAD_OFF,1
2025-01-01 12:27:38,CMD_DOWNLINK_STOP,1
2025-01-01 12:27:44,CMD_DOWNLINK_STOP,1
2025-01-01 12:31:37,CMD_DOWNLINK_START,1
2025-01-01 12:31:41,CMD_GYRO_CALIBRATE,1
2025-01-01 12:31:44,CMD_PAYLOAD_ON,1
2025-01-01 12:32:19,CMD_GYRO_CALIBRATE,1
2025-01-01 12:33:00,CMD_BATTERY_CHARGE,0
2025-01-01 12:33:26,CMD_ORBIT_CORRECTION,0
2025-01-01 12:35:01,CMD_GYRO_CALIBRATE,1
2025-01-01 12:35:20,CMD_SAFE_MODE,1
2025-01-01 12:37:40,CMD_PAYLOAD_ON,1
2025-01-01 12:38:06,CMD_PAYLOAD_ON,1
2025-01-01 12:38:19,CMD_ATTITUDE_ADJUST,1
2025-01-01 12:38:38,CMD_BATTERY_CHARGE,1
2025-01-01 12:38:58,CMD_ATTITUDE_ADJUST,1
2025-01-01 12:39:05,CMD_DOWNLINK_START,1
2025-01-01 12:40:10,CMD_REBOOT_OBC,1
2025-01-01 12:40:17,CMD_PAYLOAD_OFF,1
2025-01-01 12:40:50,CMD_GYRO_CALIBRATE,0
2025-01-01 12:40:50,CMD_GYRO_CALIBRATE,1
2025-01-01 12:41:14,CMD_DOWNLINK_START,1
2025-01-01 12:41:44,CMD_ORBIT_CORRECTION,1
2025-01-01 12:42:46,CMD_PAYLOAD_ON,1
2025-01-01 12:43:30,CMD_ATTITUDE_ADJUST,1
2025-01-01 12:43:43,CMD_PAYLOAD_OFF,1
2025-01-01 12:45:07,CMD_BATTERY_CHARGE,1
2025-01-01 12:45:24,CMD_SAFE_MODE,1
2025-01-01 12:45:50,CMD_DOWNLINK_STOP,1
2025-01-01 12:47:42,CMD_ORBIT_CORRECTION,1
2025-01-01 12:48:37,CMD_PAYLOAD_ON,1
2025-01-01 12:49:12,CMD_PAYLOAD_ON,1
2025-01-01 12:50:46,CMD_ORBIT_CORRECTION,1
2025-01-01 12:51:21,CMD_PAYLOAD_ON,1
2025-01-01 12:51:30,CMD_PAYLOAD_ON,1
2025-01-01 12:51:43,CMD_ATTITUDE_ADJUST,1
2025-01-01 12:52:06,CMD_GYRO_CALIBRATE,1
2025-01-01 12:52:24,CMD_PAYLOAD_OFF,1
2025-01-01 12:52:45,CMD_ATTITUDE_ADJUST,1
2025-01-01 12:52:54,CMD_PAYLOAD_OFF,1
2025-01-01 12:54:49,CMD_ORBIT_CORRECTION,1
2025-01-01 12:56:37,CMD_BATTERY_CHARGE,0
2025-01-01 12:57:19,CMD_ATTITUDE_ADJUST,1
2025-01-01 12:59:08,CMD_REBOOT_OBC,1
2025-01-01 13:00:15,CMD_BATTERY_CHARGE,1
2025-01-01 13:00:40,CMD_GYRO_CALIBRATE,1
2025-01-01 13:01:17,CMD_PAYLOAD_ON,1
2025-01-01 13:02:27,CMD_ATTITUDE_ADJUST,1
2025-01-01 13:05:01,CMD_DOWNLINK_STOP,1
2025-01-01 13:05:30,CMD_ORBIT_CORRECTION,1
2025-01-01 13:05:53,CMD_REBOOT_OBC,1
2025-01-01 13:06:38,CMD_DOWNLINK_STOP,1
2025-01-01 13:07:52,CMD_DOWNLINK_START,1
2025-01-01 13:08:09,CMD_BATTERY_CHARGE,1
2025-01-01 13:08:38,CMD_DOWNLINK_START,1
2025-01-01 13:10:45,CMD_ORBIT_CORRECTION,1
2025-01-01 13:10:58,CMD_REBOOT_OBC,1
2025-01-01 13:11:15,CMD_ATTITUDE_ADJUST,1
2025-01-01 13:11:38,CMD_PAYLOAD_OFF,1
2025-01-01 13:11:38,CMD_DOWNLINK_START,1
2025-01-01 13:12:20,CMD_BATTERY_CHARGE,1
2025-01-01 13:13:25,CMD_PAYLOAD_OFF,1
2025-01-01 13:13:26,CMD_ORBIT_CORRECTION,1
2025-01-01 13:16:45,CMD_ATTITUDE_ADJUST,1
2025-01-01 13:17:38,CMD_ATTITUDE_ADJUST,1
2025-01-01 13:18:20,CMD_PAYLOAD_ON,1
2025-01-01 13:18:42,CMD_ATTITUDE_ADJUST,0
2025-01-01 13:18:51,CMD_ORBIT_CORRECTION,1
2025-01-01 13:19:13,CMD_SAFE_MODE,0
2025-01-01 13:20:22,CMD_PAYLOAD_ON,1
2025-01-01 13:20:23,CMD_ATTITUDE_ADJUST,1
2025-01-01 13:22:46,CMD_DOWNLINK_START,1
2025-01-01 13:24:53,CMD_REBOOT_OBC,1
2025-01-01 13:25:28,CMD_GYRO_CALIBRATE,1
2025-01-01 13:25:47,CMD_REBOOT_OBC,1
2025-01-01 13:25:51,CMD_PAYLOAD_ON,1
2025-01-01 13:26:05,CMD_PAYLOAD_ON,1
2025-01-01 13:28:07,CMD_PAYLOAD_OFF,1
2025-01-01 13:30:21,CMD_GYRO_CALIBRATE,1
2025-01-01 13:31:43,CMD_PAYLOAD_ON,1
2025-01-01 13:31:54,CMD_ORBIT_CORRECTION,1
2025-01-01 13:33:48,CMD_ORBIT_CORRECTION,1
2025-01-01 13:36:11,CMD_ORBIT_CORRECTION,1
2025-01-01 13:40:22,CMD_GYRO_CALIBRATE,1
2025-01-01 13:40:44,CMD_PAYLOAD_ON,1
2025-01-01 13:41:34,CMD_PAYLOAD_OFF,1
2025-01-01 13:42:02,CMD_ATTITUDE_ADJUST,1
2025-01-01 13:42:11,CMD_PAYLOAD_ON,1
2025-01-01 13:42:29,CMD_ORBIT_CORRECTION,1
2025-01-01 13:43:05,CMD_PAYLOAD_OFF,1
2025-01-01 13:43:51,CMD_ATTITUDE_ADJUST,1
2025-01-01 13:44:37,CMD_BATTERY_CHARGE,1
2025-01-01 13:44:40,CMD_DOWNLINK_STOP,1
2025-01-01 13:45:06,CMD_DOWNLINK_STOP,1
2025-01-01 13:46:21,CMD_SAFE_MODE,1
2025-01-01 13:46:35,CMD_ATTITUDE_ADJUST,1
2025-01-01 13:46:38,CMD_ORBIT_CORRECTION,1
2025-01-01 13:46:47,CMD_GYRO_CALIBRATE,1
2025-01-01 13:46:53,CMD_PAYLOAD_ON,1
2025-01-01 13:46:56,CMD_DOWNLINK_STOP,1
2025-01-01 13:47:53,CMD_REBOOT_OBC,1
2025-01-01 13:48:29,CMD_PAYLOAD_ON,0
2025-01-01 13:48:50,CMD_DOWNLINK_STOP,1
2025-01-01 13:50:54,CMD_PAYLOAD_ON,1
2025-01-01 13:50:55,CMD_ORBIT_CORRECTION,1
2025-01-01 13:51:41,CMD_ATTITUDE_ADJUST,1
2025-01-01 13:51:56,CMD_PAYLOAD_ON,1
2025-01-01 13:52:21,CMD_PAYLOAD_OFF,1
2025-01-01 13:52:46,CMD_BATTERY_CHARGE,1
